"","id.exposure","id.outcome","outcome","exposure","method","nsnp","b","se","pval","lo_ci","up_ci","or","or_lci95","or_uci95"
"1","ieu-a-22","ukb-b-19255","Fractured bone site(s): Arm || id:ukb-b-19255","Schizophrenia || id:ieu-a-22","MR Egger",68,0.00277531347291662,0.0018128435998584,0.130569224743754,-0.000777859982805848,0.00632848692863909,1.00277916822057,0.999222442471843,1.00634855411134
"2","ieu-a-22","ukb-b-19255","Fractured bone site(s): Arm || id:ukb-b-19255","Schizophrenia || id:ieu-a-22","Weighted median",68,0.000723252814080138,0.000579679759508089,0.212149550246449,-0.000412919514555716,0.00185942514271599,1.00072351442446,0.999587165724974,1.00186115494563
"3","ieu-a-22","ukb-b-19255","Fractured bone site(s): Arm || id:ukb-b-19255","Schizophrenia || id:ieu-a-22","Inverse variance weighted",68,3.86194654571254e-06,0.000442837792421303,0.993041812334202,-0.000864100126600042,0.000871824019691467,1.000003861954,0.999136273100405,1.00087220416872
"4","ieu-a-22","ukb-b-19255","Fractured bone site(s): Arm || id:ukb-b-19255","Schizophrenia || id:ieu-a-22","Simple mode",68,0.00131200419519028,0.0015005079189212,0.385038444170109,-0.00162899132589526,0.00425299971627583,1.00131286524922,0.998372334760316,1.00426205655459
"5","ieu-a-22","ukb-b-19255","Fractured bone site(s): Arm || id:ukb-b-19255","Schizophrenia || id:ieu-a-22","Weighted mode",68,0.00131200419519028,0.00117050928202392,0.266339155804736,-0.0009821939975766,0.00360620238795717,1.00131286524922,0.999018288197065,1.0036127125591
